Constraining,ar6_chapter7,ar6_chapter7,ar6_chapter7,ar6_chapter7,mh_sampler,mh_sampler,mh_sampler,mh_sampler
Sampling,ar6,ar6_orig,mce-2l,s21,ar6,ar6_orig,mce-2l,s21
Sequence,,,,,,,,
0,2,7,11,7,7796,24312,9649,22342
1,13,11,15,12,10266,23899,34909,24905
2,16,15,22,13,12618,46289,17814,38955
3,22,16,37,15,25845,16155,45096,6674
4,24,24,38,16,17894,13573,30940,48938
5,35,35,42,17,2038,36715,2308,11263
6,43,37,48,24,19653,30712,24006,17510
7,47,50,57,26,29228,7568,8697,46662
8,52,54,67,35,1751,28343,4453,31965
9,55,70,69,37,24058,49142,48617,4693
10,62,72,82,38,29522,15859,21992,16017
11,64,74,85,52,30251,31262,4160,78
12,82,77,86,54,13419,4755,24373,3487
13,87,78,91,62,25576,36167,49287,37899
14,88,86,101,65,12804,21392,29876,42743
15,100,88,105,72,23905,365,5461,214
16,114,105,136,76,29116,9700,42283,33802
17,116,115,138,86,32351,13048,45409,49055
18,121,136,158,100,8414,17269,26129,33795
19,125,146,161,101,21657,27997,27908,43426
20,138,149,162,105,1539,23151,34957,38756
21,141,156,163,116,20186,7568,40456,47706
22,148,157,172,119,38757,40866,6482,17878
23,156,160,189,124,16002,45597,12899,33455
24,157,168,190,130,4288,31953,4584,39479
25,165,181,195,132,9437,9881,1156,25511
26,168,188,217,138,30968,22251,4078,2253
27,177,189,218,147,32532,15342,6123,8291
28,192,194,226,149,35449,10513,29797,28582
29,193,195,264,160,49271,37771,22576,8163
30,194,200,272,162,29072,3545,45589,32544
31,195,202,284,164,11243,21314,42300,35547
32,211,206,313,172,31125,48816,39555,31003
33,215,217,328,176,34570,48530,15116,35563
34,218,218,332,178,35760,15059,35448,35034
35,225,224,340,180,26942,45295,41018,12095
36,226,225,344,185,37401,45513,413,825
37,242,237,356,189,34616,46974,36583,36663
38,244,240,361,191,33455,45763,48769,17545
39,248,253,371,192,18389,23904,34328,31564
40,253,261,379,195,38292,45796,36374,5034
41,258,293,404,210,11803,13840,39906,2062
42,266,295,406,212,24105,34500,47408,5432
43,267,305,411,214,37174,34906,4857,9199
44,273,307,413,225,31109,17129,6482,44327
45,287,309,436,231,45085,18053,40579,40313
46,296,321,444,248,38097,33816,47838,28173
47,307,327,451,253,6084,16035,35741,6407
48,336,328,456,258,29428,38001,18342,30007
49,343,336,461,261,2794,34040,49376,33413
50,357,345,465,267,6603,12840,2763,22252
51,366,352,470,281,21628,41073,19233,15519
52,379,356,479,286,9899,43664,23675,49442
53,381,374,488,290,37504,33926,23907,17606
54,383,375,507,295,46201,4965,720,11294
55,385,379,510,297,1007,43987,10535,31196
56,392,395,511,302,8023,24344,32944,39451
57,399,396,519,307,23339,6660,36088,20019
58,401,408,525,319,14225,34461,42374,47706
59,404,413,532,329,33181,29577,6482,47175
60,413,428,538,334,48615,13379,16414,26862
61,417,434,539,336,430,42984,38250,13660
62,419,436,541,352,36403,22162,19396,38398
63,420,441,543,357,3296,8786,6403,22292
64,430,445,557,362,41675,2922,795,25128
65,432,448,559,369,26240,29747,338,39643
66,436,452,561,371,41802,19164,33283,7483
67,453,453,577,373,44657,32535,16027,2027
68,456,461,593,392,2294,26014,19416,47346
69,460,473,613,395,37786,24921,16639,40973
70,463,476,623,407,48389,24749,1602,6810
71,470,482,625,431,46909,9723,5776,4512
72,472,500,635,445,2381,8149,29461,3263
73,474,502,636,449,35329,33125,20095,13668
74,476,507,637,453,44183,34173,20361,6833
75,488,509,639,460,3988,32433,24045,39543
76,492,511,654,461,39807,9741,27371,3327
77,496,532,665,462,13442,12659,20406,16774
78,502,534,677,465,31582,2868,20307,20228
79,503,536,687,472,40469,28343,8166,14481
80,507,541,692,482,33630,31797,49820,6773
81,510,542,707,488,21931,13158,34722,35923
82,513,545,720,494,30183,17366,5618,18642
83,519,549,731,503,34515,18632,22123,24142
84,523,554,747,510,4540,11322,24073,10999
85,532,563,750,511,45450,2314,39134,35589
86,557,567,765,512,38867,41719,34510,1887
87,559,583,766,517,8814,19621,12373,30457
88,563,584,775,520,18200,15099,23057,48096
89,578,588,780,541,35613,42984,26589,11423
90,579,589,791,542,24028,43325,31434,22732
91,584,590,795,543,9881,8586,35636,26253
92,606,598,810,545,22128,8245,10440,12854
93,607,600,812,552,825,6559,39595,15844
94,610,602,816,553,40187,30632,39066,37613
95,617,609,822,561,23004,40930,14612,35599
96,620,614,832,563,12458,41931,37409,607
97,623,636,851,564,37786,15180,4647,7913
98,635,637,855,588,42193,29469,15673,32235
99,649,638,859,590,34945,12659,10103,22679
100,664,639,863,593,30343,43091,41620,38925
101,668,643,871,602,8780,21628,23722,30943
102,675,644,873,604,6979,19895,35448,7593
103,678,649,878,606,41866,14124,33207,40014
104,687,662,896,607,7668,20187,41933,35826
105,689,665,901,614,38922,21733,11134,10829
106,692,675,909,617,22340,38912,11130,14433
107,695,677,910,625,27292,18119,42032,23675
108,706,689,914,630,37818,38458,31928,40989
109,707,691,925,632,19632,11322,46514,990
110,708,692,927,633,1153,32160,41186,7514
111,709,693,934,635,43998,31050,37137,35197
112,710,702,964,636,1859,38875,2238,49882
113,711,704,972,637,44662,16931,18935,42432
114,712,707,985,647,46099,39878,9504,37655
115,720,711,996,650,27507,43646,37718,14037
116,724,712,1007,651,42355,12877,14909,36853
117,742,720,1021,653,29607,17505,28605,30727
118,744,726,1022,654,28732,39711,1791,6826
119,747,730,1046,655,16930,5058,21607,30839
120,750,733,1056,659,430,47808,27946,37825
121,751,744,1059,664,16955,22430,48288,42783
122,762,745,1063,685,48685,24407,48211,17915
123,767,747,1071,686,14225,10708,8113,32544
124,775,757,1074,691,42513,27178,7851,2190
125,780,765,1075,692,34027,48932,5461,10584
126,799,776,1081,693,5659,2139,7909,35079
127,809,778,1090,704,44827,27660,29690,4256
128,819,780,1124,707,15906,29191,42735,33879
129,820,788,1131,710,26346,7568,40113,30327
130,822,790,1141,724,45581,16816,30212,4171
131,824,802,1153,727,40404,31550,42034,14506
132,825,808,1167,731,28396,8628,20406,22786
133,838,809,1181,751,31125,42564,22652,15589
134,840,812,1185,755,25219,10354,6111,42180
135,841,819,1186,760,49153,10847,12825,40052
136,843,820,1187,763,2901,1639,15265,27850
137,844,823,1193,770,48778,14362,25731,18258
138,854,825,1197,772,30764,2303,11359,31115
139,890,826,1240,774,17737,17710,12825,35230
140,891,829,1241,782,15260,49617,19193,29620
141,892,832,1246,786,5089,36425,22406,13334
142,901,835,1289,806,37668,49617,48935,7474
143,904,836,1293,808,45567,33585,22331,24830
144,907,852,1294,810,13885,37655,18454,45927
145,915,853,1304,822,31612,41138,4378,41600
146,941,863,1308,825,20174,354,10119,1099
147,942,865,1313,826,23259,34408,36909,43331
148,949,869,1329,830,28142,10860,38217,39269
149,952,878,1331,839,28339,40564,20046,6627
150,963,892,1335,847,11985,40025,22406,13234
151,966,896,1342,862,26245,10708,27127,17547
152,969,899,1345,869,46099,33824,2623,15026
153,972,924,1352,870,10513,27417,40159,12019
154,979,925,1354,873,19292,2253,25961,31227
155,984,930,1359,891,33211,41931,21493,22133
156,987,931,1381,892,34466,5965,28283,9240
157,990,933,1395,897,32321,24069,43639,21818
158,1000,939,1401,904,40187,8325,15141,7044
159,1007,946,1402,910,47045,42373,34661,41565
160,1017,947,1416,914,10967,5045,20406,21487
161,1021,959,1423,924,28767,28115,39273,16981
162,1036,966,1425,926,30840,3489,42989,25398
163,1042,975,1429,930,19272,13333,45704,20996
164,1049,979,1435,934,46099,10220,12143,35864
165,1057,982,1442,937,30470,25899,37482,19158
166,1059,984,1449,946,20713,49473,24557,34776
167,1063,985,1468,952,15376,15286,35319,7272
168,1074,990,1471,959,32455,13248,13975,27805
169,1075,992,1473,972,20156,6296,38034,40098
170,1088,996,1484,977,19139,11013,6482,17487
171,1093,1007,1487,982,6656,37537,9827,45853
172,1099,1011,1495,987,29607,27624,23373,37238
173,1100,1022,1505,988,41221,25148,8935,8173
174,1108,1025,1512,990,11664,26116,13975,8502
175,1133,1035,1516,996,35974,24209,12693,30304
176,1136,1063,1524,999,5685,1822,35741,40060
177,1141,1069,1527,1007,16192,35442,6482,5778
178,1147,1070,1536,1013,38683,24749,13975,31423
179,1153,1074,1538,1022,35708,16799,40727,44760
180,1154,1075,1542,1033,9712,40699,7966,31209
181,1156,1077,1546,1039,25270,3665,34004,18616
182,1172,1079,1560,1040,37133,4548,48145,1063
183,1173,1080,1568,1043,2180,23351,40113,21210
184,1177,1081,1588,1046,40579,31880,13975,32476
185,1180,1093,1602,1050,43519,40672,34584,32588
186,1181,1100,1605,1057,21260,5569,40081,13334
187,1208,1101,1638,1063,29072,29067,24438,15651
188,1231,1119,1646,1070,34796,30336,2763,12502
189,1236,1123,1668,1075,10457,6479,40456,43494
190,1242,1131,1672,1080,2557,41363,49102,13574
191,1246,1147,1675,1081,46063,41665,17743,6498
192,1268,1158,1686,1083,32532,1035,13090,48454
193,1270,1164,1692,1088,33722,25357,46295,13944
194,1271,1167,1699,1091,549,23265,7909,21818
195,1275,1174,1703,1094,472,3314,23373,42612
196,1277,1180,1706,1099,4123,4886,795,20129
197,1283,1187,1707,1105,26501,23692,2763,38632
198,1294,1195,1725,1115,46315,27980,27401,32235
199,1296,1202,1729,1138,27497,3850,19876,2885
200,1307,1211,1731,1172,49706,1387,38676,2807
201,1311,1213,1760,1177,44283,31797,8935,48915
202,1313,1214,1772,1179,24008,29922,26938,16707
203,1321,1233,1780,1186,15215,24407,48281,23299
204,1333,1235,1787,1192,48389,27021,46839,16818
205,1335,1236,1791,1196,1289,1356,20228,26814
206,1359,1245,1796,1210,25437,47623,45409,31209
207,1362,1246,1799,1213,46627,9179,8826,36370
208,1363,1255,1812,1225,31027,33469,7936,14986
209,1364,1257,1814,1231,13644,29136,14612,28065
210,1365,1260,1820,1235,25576,13028,12212,25398
211,1367,1261,1828,1240,41741,39418,37977,290
212,1378,1263,1836,1257,21390,48188,25081,20490
213,1381,1265,1843,1263,37115,2314,46695,45009
214,1382,1268,1852,1265,44335,46706,29009,4246
215,1387,1269,1859,1273,48989,43441,38118,34802
216,1390,1271,1863,1275,43963,41702,33356,16329
217,1393,1285,1864,1277,25511,1776,341,23980
218,1397,1287,1865,1287,27497,36726,4505,32744
219,1398,1292,1878,1294,2589,39578,13975,18875
220,1416,1305,1893,1296,4168,22192,34004,44351
221,1428,1307,1898,1304,31053,12193,23675,33879
222,1430,1309,1905,1307,44335,38781,4768,9595
223,1439,1310,1908,1308,43441,8304,33626,40543
224,1447,1322,1920,1329,40060,46399,17192,22855
225,1448,1333,1926,1332,39377,16771,34616,26111
226,1451,1335,1930,1333,26942,14065,35319,23810
227,1464,1337,1935,1335,40450,13643,19699,28785
228,1468,1338,1937,1348,15269,9583,24025,43599
229,1476,1344,1949,1351,33348,40414,5016,19921
230,1477,1351,1959,1359,32368,3744,11015,17666
231,1479,1356,1962,1363,45457,9325,2117,48384
232,1488,1360,1971,1365,16955,12102,4378,16033
233,1492,1362,1987,1366,23163,31975,32596,45428
234,1494,1366,1990,1372,28396,45536,12631,19339
235,1505,1371,1996,1390,5208,38319,44029,24568
236,1513,1379,2004,1392,35871,38749,5586,3145
237,1521,1384,2012,1393,8524,47306,8902,13591
238,1524,1389,2023,1397,19356,29977,4349,44819
239,1527,1390,2025,1399,40187,34087,6482,4720
240,1529,1401,2038,1401,40934,25539,39592,38973
241,1531,1406,2042,1411,28965,38398,49376,19668
242,1538,1417,2046,1413,45683,41011,18399,10250
243,1539,1418,2047,1416,38922,16080,33830,37655
244,1540,1419,2064,1418,46632,41592,28722,14259
245,1542,1427,2065,1423,38364,43573,30493,16745
246,1551,1428,2068,1430,17763,10449,40678,46010
247,1561,1435,2069,1431,36659,20673,33830,13931
248,1563,1442,2075,1439,11688,2866,47838,24142
249,1566,1445,2080,1447,24757,21052,11837,42886
250,1585,1449,2081,1450,6970,8919,47096,20484
251,1591,1451,2083,1464,36291,39295,28190,42475
252,1592,1478,2084,1479,2094,44338,38980,59
253,1594,1484,2100,1484,45238,26056,18342,8291
254,1595,1488,2104,1488,3069,45820,40956,6350
255,1597,1496,2113,1499,44151,19604,8826,28208
256,1598,1497,2117,1508,5675,41719,31176,3233
257,1602,1499,2120,1509,22682,2051,20023,7520
258,1612,1510,2127,1514,23163,40025,5016,16155
259,1623,1516,2128,1529,23339,24876,20166,39221
260,1625,1517,2143,1530,10266,35050,23656,9240
261,1634,1518,2158,1538,3772,25121,13613,31674
262,1638,1519,2162,1546,34763,38985,41679,20649
263,1639,1524,2165,1559,31608,6179,3899,1913
264,1652,1536,2170,1575,31767,44087,49660,7639
265,1657,1545,2175,1587,27844,49482,41101,28764
266,1670,1566,2178,1591,34815,24830,451,27442
267,1672,1575,2179,1592,1623,17384,20406,36452
268,1675,1588,2182,1597,42355,27588,45234,42258
269,1676,1589,2185,1598,10584,35831,45553,45877
270,1680,1591,2194,1599,47976,10821,28283,23554
271,1697,1592,2196,1606,23339,29513,24506,47374
272,1700,1598,2199,1614,38950,16327,15788,14883
273,1705,1604,2206,1620,19909,4886,48799,38896
274,1706,1608,2207,1636,40323,45352,37712,29041
275,1707,1610,2215,1652,36695,47306,8664,48750
276,1712,1611,2218,1657,40550,36965,4584,16499
277,1713,1612,2222,1661,46701,36954,27064,6684
278,1733,1613,2238,1667,17858,7568,13399,1820
279,1737,1625,2244,1674,1890,15798,8097,36452
280,1753,1637,2246,1678,23989,26707,1156,28230
281,1760,1639,2247,1691,38285,41442,20406,49595
282,1768,1662,2250,1705,4716,24820,12899,30129
283,1769,1672,2252,1706,29195,809,28209,36172
284,1786,1676,2257,1713,45182,38464,9287,3789
285,1788,1678,2267,1725,35593,24251,33626,26520
286,1790,1680,2273,1737,41155,1221,33657,11858
287,1802,1684,2286,1751,21022,11109,35431,28702
288,1803,1696,2289,1753,24128,29513,720,19058
289,1806,1697,2290,1768,8524,23351,28609,7517
290,1808,1698,2297,1790,9322,47462,42362,33393
291,1820,1700,2302,1800,11837,6839,21344,1277
292,1823,1707,2308,1805,46797,26838,37314,10217
293,1828,1714,2309,1807,25189,30529,43247,42020
294,1831,1717,2318,1808,48398,37119,9597,302
295,1834,1731,2323,1828,41790,49617,15428,31608
296,1843,1733,2326,1834,46099,8264,26815,8551
297,1845,1734,2337,1835,21657,22291,10084,16905
298,1850,1742,2349,1836,41941,878,812,13090
299,1852,1751,2350,1840,19281,39295,4038,39803
300,1855,1768,2354,1849,6127,14538,27845,45236
301,1859,1772,2373,1859,43192,30412,36088,28104
302,1876,1775,2378,1861,32296,20824,10869,5254
303,1878,1776,2387,1863,23831,38370,32216,4165
304,1879,1786,2388,1867,8232,42591,47803,41353
305,1882,1788,2392,1869,39258,48918,33399,38519
306,1889,1801,2393,1879,49144,31764,14843,3645
307,1890,1802,2395,1881,2196,545,34912,48213
308,1908,1804,2399,1884,1146,35686,8892,38603
309,1931,1805,2413,1886,20290,18527,39906,1372
310,1946,1806,2415,1900,25191,38001,9250,8033
311,1948,1814,2420,1905,33080,47055,5879,17098
312,1953,1820,2421,1913,40618,39561,22226,42208
313,1954,1832,2425,1916,11077,42152,32288,1150
314,1968,1860,2426,1920,9748,26213,8697,45295
315,1978,1869,2436,1923,26025,41931,10933,41833
316,1988,1876,2439,1931,30441,43763,9113,4202
317,1990,1882,2443,1932,25437,1035,5457,5713
318,1995,1884,2446,1942,35566,39665,29403,40303
319,1996,1887,2447,1948,28702,30762,23271,22786
320,2002,1889,2450,1949,41887,17858,18399,4077
321,2003,1890,2463,1954,3240,34116,21518,36622
322,2008,1891,2465,1963,32077,28132,9050,13899
323,2026,1893,2473,1966,43690,40564,33389,1530
324,2027,1894,2487,1970,35031,5865,9876,3105
325,2028,1905,2491,1976,1514,45612,49868,32796
326,2038,1912,2495,1983,33336,10888,8935,21762
327,2040,1915,2510,1986,28185,1035,28283,30943
328,2042,1920,2511,1987,23703,35551,33226,37700
329,2043,1931,2525,1999,4231,1814,5191,43523
330,2047,1932,2529,2000,15859,29977,38134,35579
331,2056,1933,2534,2004,15906,2303,21873,26648
332,2058,1935,2541,2009,211,49473,20406,693
333,2065,1936,2546,2014,27201,16678,12307,33140
334,2069,1939,2550,2016,43139,37071,12884,6598
335,2080,1942,2553,2025,24983,36724,18676,14634
336,2082,1947,2560,2027,21306,7390,15248,2553
337,2110,1949,2576,2035,23973,21868,3887,4578
338,2133,1959,2578,2037,500,41138,12085,727
339,2134,1963,2581,2046,25692,13034,34928,14353
340,2136,1966,2593,2052,38141,11426,41512,43599
341,2143,1968,2594,2055,5265,3988,30718,49263
342,2147,1969,2598,2059,30861,21052,35913,14789
343,2150,1971,2612,2069,20073,14362,32813,28809
344,2158,1976,2614,2074,22180,992,22859,36622
345,2159,1987,2643,2085,5685,5814,49031,20759
346,2161,1995,2665,2089,7880,43897,10568,27091
347,2162,1996,2674,2117,31109,45468,19084,29021
348,2169,2002,2683,2122,23565,36483,6166,14789
349,2171,2007,2701,2128,15548,23322,40159,45265
350,2185,2018,2703,2141,45399,45181,42536,27249
351,2195,2023,2705,2142,8137,8072,13644,11665
352,2196,2024,2730,2158,36244,37911,43104,22456
353,2201,2025,2745,2159,40851,10513,27604,8787
354,2202,2032,2760,2162,23565,32425,10680,19644
355,2207,2038,2764,2168,41483,13597,43555,23241
356,2208,2043,2774,2180,12542,49617,34328,11702
357,2233,2047,2779,2185,29007,29772,31475,29826
358,2244,2050,2782,2190,19632,16746,19699,28914
359,2246,2051,2816,2202,16083,39578,31549,44633
360,2252,2054,2822,2208,1606,6223,5490,132
361,2253,2055,2826,2211,21284,3108,23462,26613
362,2271,2058,2831,2213,3256,12193,41527,19158
363,2277,2059,2839,2215,29228,46593,26481,4729
364,2279,2066,2842,2222,42014,17414,12165,20050
365,2294,2077,2866,2227,12458,37698,10869,36634
366,2297,2084,2874,2233,21271,38581,29403,43289
367,2300,2091,2883,2238,24741,54,33389,17801
368,2303,2092,2920,2247,44236,31339,40456,43861
369,2308,2093,2932,2250,39956,24312,15295,20759
370,2312,2100,2944,2254,1890,23066,2705,43968
371,2318,2123,2974,2256,16104,5525,10524,8976
372,2320,2128,2987,2257,35329,12859,47549,36065
373,2326,2129,2992,2271,25005,36195,15265,45884
374,2327,2133,3007,2273,8354,8719,20095,12595
375,2336,2135,3016,2283,31791,20277,31559,40369
376,2339,2143,3020,2286,42121,202,21212,6575
377,2340,2150,3032,2294,620,32433,24687,40657
378,2354,2154,3036,2297,37698,24344,138,6684
379,2358,2157,3037,2300,1468,49482,8664,44351
380,2368,2159,3039,2307,11043,6945,34004,26975
381,2370,2162,3047,2312,28396,37655,35431,42387
382,2371,2165,3048,2313,24028,5768,20406,18479
383,2376,2187,3053,2321,11413,19805,37443,26420
384,2379,2197,3090,2323,47787,22038,9899,27033
385,2382,2200,3097,2326,4075,37565,11015,43398
386,2400,2206,3100,2327,31125,10513,4824,41293
387,2402,2213,3104,2330,19243,20264,27720,35615
388,2404,2214,3105,2335,27535,24069,48288,46468
389,2425,2215,3109,2336,26999,42244,14674,35615
390,2429,2223,3135,2339,24506,21211,48503,45775
391,2444,2238,3137,2342,48424,2868,23684,2425
392,2447,2240,3142,2355,9912,34045,32334,6107
393,2451,2250,3143,2371,3988,17252,49231,34491
394,2455,2256,3163,2376,12353,37071,31928,28646
395,2463,2270,3171,2380,46315,27500,16625,39715
396,2476,2272,3179,2388,10415,38001,26649,26625
397,2479,2275,3180,2392,12165,47512,32532,41121
398,2482,2277,3182,2400,48598,45506,36229,825
399,2488,2283,3186,2404,35962,23344,29298,302
400,2491,2284,3204,2417,47878,29797,34471,4436
401,2492,2285,3206,2418,6037,34500,15086,4966
402,2500,2286,3215,2425,17050,38233,17513,42139
403,2503,2290,3225,2436,44335,13943,27056,14506
404,2509,2297,3243,2439,40404,8149,31176,41863
405,2515,2303,3244,2444,44987,13189,14843,49758
406,2518,2308,3245,2451,31376,24241,1905,11011
407,2523,2309,3251,2453,17894,20168,40329,101
408,2528,2314,3256,2465,2731,47957,41837,42838
409,2529,2316,3276,2491,20647,25519,28639,43523
410,2536,2320,3295,2492,48699,28343,13043,9254
411,2537,2327,3303,2495,35002,15141,18020,21237
412,2538,2337,3304,2505,43769,17787,20406,26370
413,2541,2339,3314,2510,1946,33031,48868,25279
414,2550,2364,3315,2511,43001,40353,31608,19593
415,2551,2368,3317,2529,19015,28842,163,48598
416,2557,2374,3320,2534,39921,46830,45323,48816
417,2576,2379,3322,2546,6037,46200,38494,15701
418,2581,2382,3325,2557,22340,22219,24082,32436
419,2583,2386,3328,2559,15877,3355,10213,24401
420,2584,2389,3329,2573,35449,24730,44065,13083
421,2587,2391,3358,2578,10091,48921,49270,19347
422,2589,2393,3375,2581,31462,38147,18081,35165
423,2593,2399,3388,2583,18690,22592,1040,9802
424,2594,2401,3391,2585,28366,32288,18797,43591
425,2597,2402,3393,2590,49366,17678,45267,33303
426,2600,2419,3396,2591,29155,33253,43475,6292
427,2604,2426,3406,2595,22069,6404,11996,7208
428,2606,2428,3414,2596,45612,38581,40649,38025
429,2613,2433,3416,2602,1623,18659,31307,31459
430,2617,2447,3419,2604,13409,13189,46793,20337
431,2618,2450,3429,2606,5405,28492,5618,3160
432,2621,2452,3432,2610,37078,18909,42125,48672
433,2626,2458,3440,2614,41483,35566,42233,24905
434,2629,2459,3458,2629,22128,13989,11837,28463
435,2630,2463,3462,2631,17673,7098,9113,48013
436,2631,2476,3466,2635,47420,6839,43395,32601
437,2637,2481,3471,2638,3428,28240,35838,18589
438,2638,2484,3473,2645,4927,16966,163,6684
439,2645,2488,3479,2652,46315,36726,41538,13179
440,2648,2489,3486,2656,26149,27231,41064,19058
441,2650,2496,3496,2660,36060,29698,49868,38181
442,2652,2500,3505,2668,12190,49049,10103,22496
443,2663,2504,3509,2669,38364,24209,33172,10345
444,2669,2510,3514,2679,9688,16309,1365,42465
445,2680,2511,3517,2687,33722,30875,48710,49882
446,2681,2512,3521,2690,42193,5582,17599,22342
447,2687,2515,3540,2691,794,36093,19233,30787
448,2697,2523,3545,2703,21379,33276,25504,30943
449,2707,2529,3548,2708,20033,5582,33948,36306
450,2724,2534,3554,2714,42433,32476,23989,8184
451,2745,2541,3612,2718,17208,2644,30484,26234
452,2763,2543,3621,2722,6479,26506,42170,13025
453,2780,2547,3633,2724,15039,30810,30276,21113
454,2785,2550,3634,2729,2637,24209,14353,825
455,2788,2551,3638,2730,35199,27467,28842,22863
456,2793,2555,3646,2741,17993,31105,3204,9081
457,2794,2556,3660,2743,32672,43174,19522,31376
458,2805,2559,3663,2745,7567,35778,44029,48978
459,2815,2571,3685,2773,49740,32476,40329,23882
460,2816,2574,3721,2774,1820,34714,5890,14478
461,2832,2580,3730,2787,49258,40959,30512,32986
462,2835,2584,3734,2788,16502,13864,16639,17572
463,2839,2585,3739,2793,42251,1612,13364,1221
464,2841,2587,3764,2794,40784,45490,25425,13626
465,2842,2592,3767,2799,24082,21139,49125,48995
466,2843,2602,3775,2801,31669,41138,371,5560
467,2846,2604,3789,2803,49740,30535,7787,16905
468,2849,2607,3791,2805,3988,48204,26656,44249
469,2862,2618,3792,2807,6576,12684,39092,24237
470,2863,2629,3796,2816,20031,28946,8578,20278
471,2866,2630,3815,2818,47976,10456,4160,10705
472,2868,2631,3836,2819,27844,43163,2674,24575
473,2892,2638,3837,2822,2867,30443,28398,24575
474,2901,2644,3839,2826,13993,49617,1686,28230
475,2921,2647,3844,2836,33094,35831,29051,6684
476,2931,2650,3849,2839,39911,40364,32739,44793
477,2935,2652,3852,2840,40117,38245,42034,19551
478,2941,2675,3858,2846,39988,25401,12478,17940
479,2953,2687,3886,2850,18565,35272,13128,28724
480,2959,2690,3908,2854,19857,5865,42170,17203
481,2961,2696,3912,2858,37989,12102,29051,29806
482,2974,2697,3914,2864,25576,24921,47893,33582
483,2979,2701,3934,2866,40303,3292,37317,48281
484,2987,2702,3944,2870,29486,10650,20275,43413
485,2989,2705,3951,2875,3276,27030,46055,43523
486,2996,2714,3960,2877,40550,19259,1354,48790
487,3004,2718,3974,2886,33255,4210,46227,48454
488,3021,2736,3984,2896,4334,44840,10136,26814
489,3022,2761,3988,2901,19806,32674,25668,23768
490,3030,2764,3995,2911,34117,25508,43513,248
491,3037,2773,4012,2918,18361,17749,36229,46185
492,3041,2774,4016,2920,10858,12305,3984,4848
493,3043,2778,4017,2924,338,29711,20406,2840
494,3069,2779,4026,2932,43242,30632,3419,36346
495,3072,2787,4043,2934,14513,31014,31252,13918
496,3073,2790,4048,2938,31928,48615,44365,36977
497,3076,2796,4052,2941,39377,22507,41951,45536
498,3092,2798,4061,2956,26295,18780,49376,47249
499,3097,2830,4073,2961,31791,3537,44786,31227
500,3098,2832,4077,2970,2147,17526,21827,27402
501,3099,2835,4078,2976,3273,5138,27037,32147
502,3102,2850,4079,2978,10667,16449,26815,33895
503,3109,2862,4098,2980,15224,26233,8463,19601
504,3125,2864,4112,2986,17821,46641,22094,30007
505,3141,2868,4115,2992,35279,43091,21953,24462
506,3155,2874,4121,2993,43845,10069,47780,18177
507,3160,2892,4125,3001,33080,36983,14984,37737
508,3163,2910,4135,3006,49868,22821,45776,37230
509,3180,2915,4138,3007,14466,34714,37913,9090
510,3183,2932,4145,3008,48517,41523,36824,38022
511,3192,2935,4149,3012,4697,18031,23057,35118
512,3197,2936,4160,3019,42866,17868,21827,30700
513,3215,2940,4161,3020,13442,13908,22719,11017
514,3216,2941,4164,3022,6041,32570,39368,41495
515,3228,2944,4168,3029,28658,42126,23979,5560
516,3235,2953,4171,3030,46099,34297,2047,23609
517,3252,2973,4187,3038,31762,48038,18312,36346
518,3256,2974,4188,3040,34318,6493,14905,1587
519,3258,2978,4194,3042,31376,48380,45820,18758
520,3271,2991,4214,3045,37174,31275,45409,32510
521,3276,2996,4235,3048,36764,39755,24983,10584
522,3285,2999,4242,3055,22964,6660,38494,25760
523,3288,3001,4243,3063,23339,25195,26592,42379
524,3294,3004,4258,3068,31299,22701,42967,10853
525,3295,3010,4261,3074,18427,49131,32444,11312
526,3296,3015,4286,3079,1311,34825,11713,35489
527,3298,3020,4288,3088,27994,26251,33143,14037
528,3300,3022,4295,3094,21475,42159,40456,14037
529,3315,3046,4303,3098,21214,34286,30897,27901
530,3318,3048,4313,3099,3875,7098,15068,47706
531,3320,3059,4317,3102,15722,34314,9786,49485
532,3322,3083,4347,3104,7356,25195,26100,43626
533,3334,3085,4349,3105,16338,45680,36088,21649
534,3348,3089,4373,3111,17993,41098,47760,25416
535,3359,3090,4376,3124,40594,22651,36305,2691
536,3370,3092,4378,3127,30343,44284,13290,22722
537,3371,3099,4381,3129,20033,36706,38206,28571
538,3376,3104,4389,3130,10266,47696,37807,33946
539,3391,3107,4413,3134,48517,43949,32532,2159
540,3403,3108,4417,3135,33680,19997,39066,13400
541,3406,3109,4421,3140,3950,23521,44530,6340
542,3413,3111,4439,3142,43374,48273,6297,43599
543,3417,3127,4443,3143,11936,32934,23057,32747
544,3420,3134,4445,3145,338,49142,35489,22660
545,3422,3139,4446,3160,29116,21686,18081,36181
546,3428,3141,4447,3162,46030,49868,45639,5959
547,3429,3142,4453,3163,46745,638,23838,28230
548,3470,3162,4458,3170,14318,33761,9649,9144
549,3471,3182,4460,3180,27999,6660,36945,9184
550,3473,3184,4470,3186,28871,6660,344,4834
551,3479,3201,4479,3192,1639,34567,24777,23285
552,3485,3221,4510,3197,25300,17252,2117,39681
553,3486,3237,4515,3200,34480,49916,45161,31594
554,3487,3244,4521,3207,47798,41862,22406,33664
555,3491,3256,4540,3215,41483,2984,48746,44837
556,3496,3259,4548,3222,36649,32083,47712,46805
557,3511,3261,4549,3225,22393,32743,9723,19208
558,3517,3263,4575,3233,16386,21733,35544,5123
559,3518,3267,4576,3241,41304,45803,47252,40488
560,3519,3272,4578,3246,19909,35244,14938,16004
561,3521,3277,4584,3247,41483,38245,15655,15173
562,3524,3285,4617,3252,7266,32083,30980,6634
563,3530,3290,4633,3263,20974,26806,28560,6222
564,3533,3292,4647,3274,48699,13731,38857,20600
565,3537,3296,4653,3277,8325,8813,15605,44901
566,3541,3300,4659,3285,3855,2644,21664,10950
567,3554,3302,4669,3295,25251,39042,1081,36331
568,3560,3304,4672,3299,41483,39220,40990,14615
569,3565,3310,4679,3300,35199,34795,17997,7466
570,3578,3320,4695,3317,49048,19099,36459,18139
571,3586,3327,4699,3318,23962,10260,17311,28871
572,3600,3333,4701,3322,915,13864,15342,34640
573,3604,3342,4734,3327,35318,34914,29428,48309
574,3609,3344,4735,3328,48967,47156,39241,488
575,3628,3346,4738,3346,35773,28440,18020,29765
576,3643,3348,4740,3369,2205,1891,3419,33582
577,3645,3351,4753,3379,1221,9786,2534,40973
578,3646,3355,4766,3383,46210,40564,38950,28785
579,3647,3360,4768,3388,31564,47055,24438,49407
580,3654,3368,4790,3391,9496,11259,33830,30613
581,3656,3371,4806,3393,9785,7568,44353,15072
582,3657,3381,4809,3395,31499,38581,37883,30047
583,3659,3385,4812,3396,13353,38256,28879,40039
584,3663,3387,4819,3400,2867,36058,41101,42289
585,3666,3392,4838,3412,18573,1419,3419,22889
586,3677,3394,4851,3413,21144,9562,32910,19992
587,3678,3395,4852,3417,36244,14582,34228,5160
588,3681,3400,4857,3419,45473,26776,45409,38964
589,3685,3402,4863,3420,15843,29922,31176,34014
590,3689,3413,4885,3421,26084,32067,3912,49595
591,3691,3423,4926,3422,28811,3888,1865,17288
592,3704,3424,4937,3424,29228,2605,27636,14772
593,3705,3429,4939,3426,40862,48301,15954,10999
594,3706,3441,4940,3438,25782,49564,12373,21818
595,3707,3460,4942,3444,46701,11904,8243,36618
596,3724,3477,4957,3451,44151,32570,46505,4038
597,3727,3481,4961,3458,30470,11207,41679,47393
598,3736,3483,4983,3462,6294,32012,8265,37515
599,3741,3489,4989,3471,44240,30559,20166,4269
